id,first_name,email,gender
1,Rosanna,rcostall0@usa.gov,Female
2,Giusto,ghudspeth1@google.ca,Male
3,Jolynn,jtrinkwon2@whitehouse.gov,Female
4,Arni,adorrins3@google.fr,Male
5,Wittie,wfriskey4@tamu.edu,Male
6,Constantina,cstrawbridge5@wix.com,Female
7,Laura,lrogez6@huffingtonpost.com,Polygender
8,Orlan,owards7@oracle.com,Male
9,Etienne,eengeham8@indiatimes.com,Male
10,Osgood,oeberdt9@mtv.com,Male
11,Chuck,cpuesa@domainmarket.com,Male
12,Nichole,ngenikeb@ameblo.jp,Male
13,Torry,tgopsallc@dagondesign.com,Male
14,Krisha,kharmstoned@sohu.com,Male
15,Clayton,cantoniottiie@flickr.com,Male
16,Ninnetta,nkeymarf@squidoo.com,Female
17,Brodie,bchartmang@google.de,Male
18,Trstram,tpirkish@paypal.com,Male
19,Bernie,brodnighti@senate.gov,Female
20,Grover,gbrumj@joomla.org,Male
